<?xml version="1.0" encoding="UTF-8"?>
<!DOCTYPE version SYSTEM "../../../lib/pkp/dtd/pluginVersion.dtd">

<!--
  * plugins/themes/baseOmpTheme/version.xml
  *
  * Copyright (c) 2014-2017 Simon Fraser University
  * Copyright (c) 2003-2017 John Willinsky
  * Distributed under the GNU GPL v2. For full terms see the file docs/COPYING.
  *
  * Plugin version information.
  -->

<version>
 <!-- The application value should match the directory name of the theme -->
	<application>baseOmpTheme</application>
	<type>plugins.themes</type>
	<release>1.0.0.0</release>
	<date>2025-05-16</date>
	<lazy-load>1</lazy-load>
	<class>BaseOmpThemePlugin</class>
</version>